"Date","how_long","song","discover"
"2026-05-28","9:00-11:00;12:30-13:30","Earned It","Keep focus and keep practice"
"2026-06-05","20:00-21:00","Earned It","Be patience and keep slowly"
"2026-06-06","19:45-21:00","Earned It","Keep practice slowly"
"2026-06-09","9:00-10:30;13:30-14:30","Earned It","Patience"
"2026-06-10","19:40-21:05","Earned It","Focus and patience"
"2026-06-11","18:50-19:50;20:20-20:50","Earned It","Patience"
"2026-06-13","19:45-21:00","Earned It ","Patience "
"2026-06-14","19:45-21:20","Earned It","Be patience"
"2026-06-15","8:45-10:05;12:45-14:20;14:45-15:30","Earned It","Be patience"
